system_id,pdb1,pdb2,RMSD,TM-score
fs-3ifa_A-5et5_A,3IFA_A,5ET5_A,2.2752342,0.8397190138509966
fs-4nc9_C-4n9w_A,4NC9_C,4N9W_A,6.1794133,0.8292820364284765
fs-4rwn_A-4rwq_B,4RWN_A,4RWQ_B,3.7698925,0.886683302128092
fs-4y0m_J-4xws_D,4Y0M_J,4XWS_D,1.4892776,0.8800026405996209
fs-4zrb_C-4zrb_H,4ZRB_C,4ZRB_H,4.8862247,0.9290794281175876
fs-5l35_D-5l35_G,5L35_D,5L35_G,3.783712,0.8949766855360788
fs-2h44_A-1rkp_A,2H44_A,1RKP_A,5.3236876,0.8852495714043851
fs-2c1v_B-2c1u_C,2C1V_B,2C1U_C,5.6634426,0.8568958627761539
fs-4qhf_A-4qhh_A,4QHF_A,4QHH_A,12.351547,0.6401762497674668
fs-5flu_E-2uy7_D,5FLU_E,2UY7_D,6.452336,0.69028418763075
fs-5i2m_A-5i2s_A,5I2M_A,5I2S_A,26.38269,0.3732706675166938
fs-1jfk_A-2nxq_B,1JFK_A,2NXQ_B,15.624585,0.26832407290931737
fs-4ow6_B-4ae0_A,4OW6_B,4AE0_A,16.503475,0.6498531256670604
fs-4rmb_B-4rmb_A,4RMB_B,4RMB_A,3.4319801,0.8717426173157172
fs-3kuy_A-5c3i_F,3KUY_A,5C3I_F,7.821188,0.7341996942094942
